{"cameraMode":{"drawMode":0,"name":"Shaded","section":"Shading Mode"},"sceneLighting":true,"audioPlay":false,"sceneViewState":{"showFog":true,"showMaterialUpdate":false,"showSkybox":true,"showFlares":true,"showImageEffects":true,"showParticleSystems":true,"showVisualEffectGraphs":true,"m_FxEnabled":true},"in2DMode":false,"pivot":{"x":-0.6792488098144531,"y":0.8476352691650391,"z":-0.3311586380004883},"rotation":{"x":-0.08904678374528885,"y":0.8496813178062439,"z":-0.15225492417812348,"w":-0.49692875146865847},"size":16.92447280883789,"orthographic":false}